source_id,ra,dec,magnitud,indice_color,temperatura_k
2680356911816018048,331.44606406642515,-0.31989739999996836,2.727835,1.1494417,7100.221
3017190546641718144,83.85826322361507,-5.909896048091421,2.7408419,0.11113644,35000.023
168726523212358272,58.53304404662457,31.88359461391294,2.8219895,0.35094476,28444.018
2769202742740232960,3.3089703843753013,15.183550741446307,2.8534293,0.09509516,37078.758
229898024422755840,59.463595170524904,40.0100950978535,2.904279,0.008548498,38816.12
5249119024128109952,146.77535748906328,-65.07197322907481,2.9269278,0.6949799,8864.077
3520586071217872896,187.46509027380262,-16.51605134463174,2.9649055,0.19952226,8763.306
1487434040320076800,218.01881769228896,38.30892269460632,3.022188,0.4798348,7139.405
5971289565647972608,252.96755916146594,-38.047480863426145,3.069865,-0.013882637,35823.555
3288921720025503360,72.46212402119102,6.9613310085374644,3.0879216,0.8058183,6154.11
5926920079553285760,252.44682140759986,-59.04149532374984,3.1050086,1.7179904,4809.895
1014058103758571520,134.7989643318015,48.040871471105525,3.120973,0.50758815,7498.3286
1041808368494264576,127.56491125025244,60.71768972076183,3.1493552,1.1214743,5114.489
5965222838410499328,258.03844060290766,-43.240469434978955,3.2345328,0.72117686,6423.101
5253796346624992128,158.00593262490582,-61.68528632440866,3.247181,0.10184884,17833.904
4224225924761329792,302.82635270631516,-0.8214431669930159,3.249787,0.11145949,12237.837
2404579570000684544,343.6623683129667,-15.820936714471294,3.2723644,0.27975655,8265.248
48026706558487040,67.15467370962931,19.180273317307044,3.2804532,1.2369773,4724.67
5242895960110588160,153.43377667824367,-70.0378747806419,3.3005145,0.15506268,12278.335
5922299347569528832,261.3485553800659,-56.377786406266836,3.3046894,-0.06958938,14338.137
1575287046603605888,183.85734834773095,57.03265316489124,3.3111024,0.26148772,8298.355
425040000962559616,12.285227381524425,57.81272812559009,3.3200667,0.8868861,5726.01
867815979158660352,116.11171060337323,24.39777124966751,3.3391395,1.1857357,4875.5176
511974502720839040,28.599188504594277,63.670018347664225,3.3546658,-0.027085543,14805.9375
5773473920382493440,221.96534284573215,-79.04482599328387,3.3622816,1.5571752,4600.74
6427464123776727168,302.19503988923026,-66.18709128441725,3.3641381,1.0192785,5437.5474
699870869414974336,137.66159865872208,30.96298610131605,3.36875,3.9469929,3541.0562
3662636823132300032,203.67206658148982,-0.5956181019830046,3.3738446,0.3116889,8066.827
6112195451032545024,207.37599656289228,-41.68780286870546,3.3789372,-0.26299977,19970.54
11166438229308672,51.20302758439933,9.028538893521931,3.3823738,1.1385627,4911.413
2591891443195067264,22.870999185961374,15.34581754691887,3.3828592,1.211947,5338.2964
6801963487915169920,312.9553322987257,-26.919143946973296,3.3990402,1.850532,4473.8335
3312052249215275904,64.94888616843296,15.627538192852759,3.4027567,1.2049625,4831.808
5998019895874780928,240.03043321410547,-38.39682619869986,3.4078684,-0.2772143,24444.342
5330160246631998848,136.03835273422885,-47.0977749570303,3.4186177,1.377886,4496.2544
5199386085968886528,158.86625302656304,-78.60773860956509,3.42169,1.8184111,4331.0063
5300534077635861888,137.74190406346486,-58.96684016755167,3.421808,-0.15955353,17714.2
6109087784495371648,207.40398070198327,-42.47381501215476,3.4261973,-0.09446168,19977.424
3683687763520080384,190.41242708810614,-1.4490230625523142,3.4332993,0.59854627,6740.179
4254395871029677952,286.5621591057804,-4.882960200216354,3.4336429,-0.047222376,10110.013
5512761468416162432,119.1944354921627,-52.98224123127124,3.4414794,-0.1348238,13867.093
5164707970261890560,53.22829341517546,-9.458168216292322,3.465752,1.1402977,5002.0435
3796442680948579328,177.67712091756832,1.763518531662046,3.468565,0.8189659,6000.8833
5250032958818831360,146.31159319122628,-62.50786736246062,3.4711742,1.5032215,5488.411
3305012316783533056,60.1700400180681,12.490288479392149,3.4756324,-0.02798009,15536.487
2964000159821218432,86.11439122579156,-22.45002336420253,3.476823,0.7528229,6149.223
5583216215017531648,102.46019909902277,-32.508458997835874,3.4911032,0.05365801,35000.406
3337991583943473280,83.78449673650563,9.934150110721673,3.528103,-0.14241743,33118.273
6828125061423674752,321.66677580627606,-22.411214998498547,3.5300386,1.1391373,5146.4785
5318547273548061824,130.0731005351964,-52.921814838154795,3.5350146,-0.15029526,14723.649
2996171698248699904,86.73885705541909,-14.821953605720934,3.5410435,0.2437489,8312.855
5971244451311982336,253.08386981981704,-38.017636551986286,3.542674,-0.22109938,22974.4
4870527586937201408,64.47392596972604,-33.79837213753377,3.5517442,-0.056988716,11254.44
4936685751336237056,34.12809888310582,-51.5122651790229,3.5560112,-0.08851528,11884.809
6518817665843312000,335.6844004512271,-45.94804349249061,3.5925784,4.267953,3566.2498
4757601523650165120,83.40631067329583,-62.489769239431524,3.5934615,1.0495744,5838.165
5912398348432135552,262.77412911919896,-60.68428368485731,3.596028,-0.026394606,9919.347
4990516294443333504,2.3534338435390842,-45.74822211784421,3.6017847,1.1949651,4745.2183
1273423791421021568,231.9562807016411,29.106103677611483,3.6044285,0.34989166,7756.88
2090687795056051328,282.5199906501613,33.362650393309416,3.6048782,0.21071863,17700.201
5642935536248627456,132.63234221962838,-27.709458050234254,3.6095452,1.4735351,4242.4233
2891816671700460288,95.52831507928491,-33.43663025921882,3.6113985,1.092516,5005.9663
3214077516844988800,81.11923705133687,-2.3971524975189644,3.6153696,-0.22188401,18608.2
66526127137440128,57.29068893293528,24.053211829998986,3.6157947,-0.036376238,11493.618
2059372363884259072,299.07636376369845,35.08329669254902,3.6234016,1.217066,4722.577
5236306071562633344,176.40065646582843,-66.72860365116325,3.624794,0.30536938,7930.927
2995725777563537792,89.10103276512667,-14.16708077541103,3.635856,0.5394423,6887.405
4803692295174064256,89.78680236025778,-42.81518136667342,3.6376557,1.2990015,4715.181
6838023243053666688,325.02361799924387,-16.662413768068262,3.6419108,0.47295427,7139.7812
6705977119250947712,271.65772381444384,-50.09152286889015,3.643981,-0.06000352,21340.709
5263150888430619904,115.45573667976751,-72.60603326581551,3.6618443,1.2499113,4655.751
1891598193816300544,331.7542260532072,25.34522096646813,3.6638713,0.6844826,6316.102
5639188675501966464,130.897995022965,-33.18633878364722,3.6639202,-0.21116614,20227.45
418001477279154304,9.24298360611852,53.89686812148113,3.664362,-0.26069522,16856.543
1907131544341497600,333.9924535004023,37.748734832792465,3.6651716,1.5505455,4427.7007
1201067439457715072,245.47983846631206,19.153320268640844,3.691747,0.44065666,7142.965
3232262786334597888,73.56290684709873,2.4406776157180046,3.692016,-0.1765194,18110.354
1193030490492925824,239.11469743534354,15.655912590196278,3.694426,0.7034795,6182.6055
4426032591025363200,237.7045892801561,4.478006603862712,3.699778,0.2577958,8196.269
6304988355324252928,213.22396702995383,-10.27308574177618,3.7098556,1.5545013,4588.376
4482432246132106496,271.837158305769,9.564197857391276,3.7121606,0.24073482,8113.18
3655377057091634304,221.56166928298174,1.8927928769364972,3.728377,0.056666613,9091.341
5449188358930264704,156.78749738187875,-31.067735592542967,3.732725,1.6335537,4436.611
2022881668925464320,292.17575748718303,24.664430897779596,3.7411165,1.880163,4915.114
4240272953377646592,298.11824336043924,1.0056218968067914,3.7476714,1.1424677,5808.348
1797346167298274304,322.487178472437,23.63885637276082,3.7691293,1.9460707,4480.5312
1006142960069707648,94.47834228542395,61.515276001012744,3.7721922,2.5430622,17193.639
3553136288324444544,164.94144070127717,-18.298214614578484,3.7779377,1.2704289,4574.9097
5269012591076800256,109.20754067675165,-67.95711493884554,3.7786546,0.96712303,5415.9604
1362451076122760320,264.86615107268545,46.00634774932603,3.7906454,-0.21545649,14346.31
6634378296431076864,275.8068056500598,-61.49387210102472,3.7995434,1.690515,4286.033
5059348952161258624,48.020701120552644,-28.98487006133274,3.8014393,0.7217684,6080.855
6110381256839901440,209.56763096582756,-42.10084266978547,3.8089063,-0.28811407,17454.871
5842864786417716608,188.1159696652917,-72.13301496237534,3.8161688,-0.17999649,15134.593
4792774797545800832,86.82123452009108,-51.066136257823345,3.8232422,0.2614324,7938.053
2793343001564046976,7.01268028478256,17.893217438629772,3.8245497,2.6335804,19664.053
40834354322264832,52.71832563316209,12.936672293685813,3.8361235,1.2720697,4856.5137
2556759229189045632,12.170968944689207,7.5848586637986335,3.8363445,1.7431266,4621.074
364785939116867072,14.189228786797868,38.49948894197979,3.8432207,0.22131753,7997.0845
2200153454733285248,337.2928846512036,58.41520817273959,3.8505998,0.9706149,6355.6323
5364580148905328256,159.32453165752833,-48.22566700401987,3.854386,0.43157673,7163.408
5329941409468845824,131.50677499291484,-46.04150716596181,3.8647258,0.1399517,8084.108
6041076668127513984,239.22106830024902,-29.21417958464532,3.8667355,-0.27118206,17061.025
1623289903206300928,240.46954398425984,58.56673458360329,3.869275,0.72880006,6051.014
5902489309145870464,227.9829840971186,-48.738042095837756,3.8706172,-0.0259614,9997.815
6085579126381717504,193.27823874992558,-48.943422791888715,3.8707404,1.5401075,4526.305
5346659311979165184,170.2514139929002,-54.49106621877023,3.873441,-0.18834853,13967.654
574112955678493824,17.192472075022426,86.25704383383308,3.8803709,1.3763363,4707.523
1385978666451514112,244.93506863647633,46.313533018260976,3.8871303,-0.17080116,13200.248
4084474835781915392,290.4180416311052,-17.847102679696903,3.8882518,0.36080718,7421.293
6492406743706907776,349.3572276071401,-58.235369888848446,3.891795,0.5956261,6492.633
6127435678627741824,187.009701956416,-50.23069651344533,3.8933313,-0.27349353,16581.127
436648129327098496,47.27540485964256,49.612873858437766,3.9026392,0.78206515,5873.7397
4570796456599587200,262.68471721561906,26.11071754030528,3.9097338,1.5881977,4408.9194
5205029672996886016,156.0985242578028,-74.0317374526645,3.9097652,0.5174203,6786.9897
1310284059748155136,255.0721423618982,30.92652313621418,3.9134347,0.008419275,9402.281
3204884534485995264,69.07976184342182,-3.3524812188642006,3.9139285,-0.25417018,19953.574
1604859511344724864,216.2974561533579,51.84896726025888,3.9172292,0.6969216,6135.789
6244010505608714368,241.70172217693315,-20.669293247493943,3.9183657,-0.025581837,18076.186
5599927623535365888,115.88487487913042,-28.410753989502773,3.9190986,1.8985391,4881.2646
2745491430891511168,359.82854365060507,6.8628259218808925,3.9241753,0.6020162,6451.666
2616542115933350144,334.2090196731275,-7.783386201689477,3.9265149,1.1343348,4944.2603
1942705624581332224,349.43625917771857,49.01532842822809,3.9340034,2.2013052,5159.3555
6125166320994675456,182.9127159863492,-52.36849913727676,3.935946,-0.2154746,15230.192
5297336148056940544,137.8193123470593,-62.31691133071921,3.9414103,-0.24024582,15081.527
6603237069110449792,343.98714540662513,-32.53947887896725,3.9415772,1.144283,4782.9004
3489338019475637760,182.10387983595368,-24.72905347552688,3.946629,0.4981413,6900.1777
546439965996109696,30.8581399846376,72.42139432955031,3.9484353,0.056805372,9063.942
5210240327318434304,124.63363893110254,-76.9192479593938,3.949889,0.587096,6532.6333
6713727061309245952,290.97175028895674,-40.616470922153454,3.9504597,-0.112084866,11308.296
6368016725517046144,300.14935645175683,-72.91109022395136,3.963491,-0.017083168,9950.84
348020482735930112,24.198321215249642,41.4037617615712,3.966133,0.72292423,6096.4243
1710727122296357376,251.49328885063915,82.03726905338733,3.9690459,1.0883722,4986.7114
2562091860584132096,25.35778812838373,5.487627211063531,3.970141,1.5539534,4554.1187
5248192926092026496,135.6116288165701,-66.3964988074426,3.9706151,0.20866871,8043.1387
1862193748217511040,305.96533457942184,32.19013516248013,3.9725595,1.5076585,4715.2925
1565090003967879424,201.30730577290853,54.987845339784336,3.9743545,0.26357174,7910.655
219375904303684224,59.74126438868437,35.7910420686924,3.9748838,0.0811429,21759.475
438829629114680704,41.05222216366374,49.22805187168278,3.9830012,0.6920738,6281.219
4468557611984384512,271.364453818457,2.495224095912567,3.987364,1.0036926,5204.636
1763000413344449792,311.66444160468086,16.123416160814827,3.989937,1.214159,4689.7656
4605754569812388480,274.9653630135355,36.06472960816234,3.9974966,1.2955594,4783.9297
4052359028870465280,274.51332544558403,-27.042662162406675,3.9981618,1.8409603,4499.012
6060547163656965120,193.64817506017252,-57.17798404607355,3.9990456,-0.25461626,16427.912
2756363608023588864,354.9893506001899,5.6243516012277475,3.9992578,0.7051301,6149.203
5899408305748518528,219.47157805264095,-49.42595812350064,4.0019474,-0.19072032,13984.841
3225773709225508736,71.37569807929303,-3.2547165420992292,4.00829,-0.17124319,13761.512
2572221764290136192,26.348759050139087,9.157989522154077,4.01252,1.1209252,5025.453
1755320049747788160,308.3032697386287,11.303179251591162,4.0156035,-0.13896728,12785.131
886479673643853952,107.78471823693071,30.244948146711195,4.020316,1.3921483,4687.6167
1773880252697231744,326.12793932206597,17.349970523256463,4.0230126,1.2689056,5026.678
3436911415277140224,93.84416519301544,29.496916029568094,4.028311,1.2043235,4670.194
4913847589156808960,17.096327954824456,-55.24561894228843,4.032716,-0.12111187,12487.914
5530670107652889344,117.30952843989927,-46.373170156596245,4.0345917,-0.26899195,19981.0
6053327426740164992,184.60896244333344,-64.00311459755419,4.0399103,-0.24205637,15184.31
6835905927256722688,320.56178645858284,-16.83452207289956,4.0490885,1.0722091,5086.784
5305373440633087360,143.61095283696628,-59.2297266018616,4.0521374,0.08852029,7899.9785
3220275601329091584,82.43326172652218,-1.0923515777061004,4.0526423,1.8493464,4610.0596
3814363071213806848,170.2837265880226,6.02926780479546,4.0547566,-0.038950443,10229.453
2498783458525988992,39.87071163754866,0.32849665438570363,4.0573735,-0.3144858,18232.355
3372552842178783616,97.24075374613999,20.212076430854843,4.058969,-0.1161108,12484.597
6053245135154609280,181.72076420594314,-64.61389471172151,4.0608897,0.4940493,6863.083
4847957293278177024,50.00034361894219,-43.06655252783423,4.063915,0.9325981,5427.3184
60248877811546112,47.90808720855174,19.726648284350475,4.064342,1.1809478,4814.3438
6116979288685368192,215.1389373376286,-37.885342221664466,4.0668545,-0.0041918755,9990.112
5735066776630042112,131.5939821847781,-13.5477903707752,4.0671697,1.0834398,4987.9487
5539754169644892032,123.51242844959921,-40.34817893215736,4.0693965,1.3384352,4441.497
4900108950849461248,5.0356095474274705,-64.86961713712722,4.07351,0.76927614,5857.8096
5468147822041930240,159.30661655104174,-27.4125430354373,4.074122,2.0459356,4709.0864
6555948757627251072,349.7061292854416,-32.53237742250906,4.0768914,1.2822955,4578.1455
4530744134231683840,281.4154805359527,20.544817390173186,4.0786414,0.64264846,6313.346
6882183890633433600,316.487168255392,-17.23313685719848,4.078666,0.027658463,9244.72
405987526029851264,25.915331575110873,50.68866947906711,4.081212,-0.051041603,24117.078
6401464693867773568,321.61171581249374,-65.3626399731515,4.0891333,0.70557785,6092.6636
2936152657031151232,105.93956041805528,-15.63333782648228,4.0905623,-0.12785006,11731.797
1460229442589223424,197.9642816133702,27.882105372524595,4.093279,0.76205873,5899.0034
1534011998572555776,188.43142838333532,41.358776694084185,4.094672,0.7944677,5761.42
892160231749198848,112.27878982917893,31.785435445699783,4.094832,0.4802935,7002.8057
1820484908501127040,300.0137889177588,17.516448520964932,4.0958447,2.7148347,3658.8088
2249908073868915968,300.7046485782214,67.87377633217558,4.099271,1.4635909,4643.366
5523539671667837952,129.4109070378244,-42.9890365785687,4.0997505,0.26690793,7898.938
2940472157174944128,99.47255555907883,-18.237519694472578,4.103014,1.3125026,4840.851
4111251723554095104,261.5925594346209,-24.175828848401494,4.1048822,0.3935337,7271.484
3080111439567156992,129.6892367271998,3.3413639401239155,4.107481,1.3233209,4703.173
4695167130257543424,39.89838786398462,-68.26694674585823,4.112274,-0.056458473,10426.348
5087043657197267200,56.71125691970994,-23.252076788991744,4.1130624,0.59439325,6483.9487
6201910274096330368,222.15844913887588,-36.63490151070996,4.1161814,3.2910402,3491.612
181124307088367232,79.54421715459993,33.37089798909463,4.116195,1.4788704,4750.155
2198483880690116480,333.7626125856422,57.04380276749173,4.1220145,0.41061187,7224.1313
2885572407726698880,94.13806785656948,-35.140124419835104,4.122158,1.1192801,4936.7124
3024622798567336064,90.01400467055427,-3.074586031087469,4.1242394,1.4281003,4866.826
6050060708908632960,245.15904593125626,-24.169404428422975,4.1248446,1.42575,8414.422
2521951302394350336,33.249880037929756,8.846697220771158,4.125624,1.0832024,5072.5537
1357126587985743104,248.5256674650253,42.43720619729277,4.132682,0.03367853,10009.37
3117007476387801216,94.99828976992926,-2.944485599254175,4.1348667,2.0197816,5162.1035
944939847899350784,99.13682410093567,38.445417469878024,4.140064,2.677477,4105.7466
3263836568394170880,54.21723179468776,0.3995245948754849,4.1410933,0.7577951,5905.6396
1926476042681491712,355.10261265459525,44.3338484709246,4.147998,-0.07825899,11101.351
3618198617586733312,205.40279836980616,-8.702807904767596,4.148621,2.1694577,4966.0415
2803727064255015424,14.30145952711795,23.417448895424197,4.152097,1.1161468,5042.853
5998676819707873408,241.6479992105244,-36.802413825718396,4.1565685,-0.249609,15350.951
1899238700121170944,332.4967815408398,33.17813168894966,4.1570067,0.65391684,6457.0376
6622561673163882752,340.1640600446938,-27.043622350026016,4.161008,-0.09177017,11457.344
5787534436419552896,184.5857987558318,-79.31218335228661,4.1674447,-0.14771128,12630.579
1824277055360974720,295.02420100421784,18.01380056331931,4.1711555,0.9535947,5823.648
3126448158102337920,101.96512252574546,2.4121056302134387,4.171695,1.2349861,4655.0303
3793247534517512064,172.57880932682505,-3.0035714740208967,4.1796565,1.7354059,4480.625
6023633156682206720,247.8454978494852,-34.704449924330774,4.183035,-0.22753954,16619.074
4850012314870132096,54.27358548510602,-40.27470446688247,4.18645,1.2316952,5008.85
4781833626056162688,64.00732824955732,-51.485829399691184,4.1875706,0.45492125,7150.176
1386158505321789696,242.19224169754472,44.935069860399565,4.1901174,-0.034279823,9997.837
6665511449204071424,301.84637872842717,-52.88074241205903,4.19161,1.9884641,4528.858
4058689054864359552,261.838735867248,-29.86764800517026,4.191681,0.5526042,6639.9604
5519266900766220800,122.37211545208517,-47.3452393935982,4.196464,-0.30583763,20144.336
309966797615673856,17.915448478226075,30.08951923458857,4.1980224,1.2436593,4631.1567
4323764712422936704,246.75595634185794,-18.45634913732047,4.1996417,0.6086948,40873.3
4939205900704478592,36.74646913494038,-47.703866097379695,4.201355,-0.15884113,13468.603
3526420114274019456,188.0156449228337,-16.196264029437497,4.2095566,0.5264554,6746.5283
6244910765107054848,246.02561968942842,-20.037526178936613,4.212595,1.17467,4770.84
482818271843093376,73.51254990847781,66.34270799687302,4.2128644,0.07939291,9997.991
1460876573902483328,196.79487934028714,27.624428561334327,4.2129993,1.7090721,4436.959
2988329637719192960,79.89385682650418,-13.17679073992929,4.218469,-0.37118006,23426.844
6054346605287699968,180.75473957301676,-63.312900420844265,4.220316,0.43641424,7049.9653
1092230803512999424,130.05279074554068,64.3280541536806,4.222566,1.3584721,4787.6733
6081542475600377472,196.72747704035422,-49.906303345686254,4.224331,-0.26680326,9999.6045
2098074279806975488,279.5270174902829,39.66836302692522,4.2299094,3.191038,3542.9114
2272649822619848064,325.48200314844524,71.31187298142444,4.234787,1.2448437,4620.7773
6413081274731392256,329.47986679144515,-54.99259895540606,4.239373,0.42963028,7126.925
3399063235755057792,88.59482419468164,20.275852148021837,4.241686,0.79622936,5808.179
6719649408908407680,272.8072180366591,-45.95458111412645,4.2428656,1.1448786,4837.8384
5411300287757211392,147.91928896802708,-46.54757644891731,4.243141,1.3117433,4761.5093
6717240825593666304,287.087650698354,-40.49681907270744,4.2492065,1.265239,4623.4062
191419859094194816,87.29332785167465,39.18096092052109,4.2502503,1.126168,4951.9204
6895103083539482496,317.3989590718655,-11.371759260894493,4.2510796,1.1062934,4954.338
4225681162758186240,309.1818533039196,-2.550023156942345,4.2557206,1.8211429,4319.874
4351747145908107648,246.93107398026117,-7.598612097215736,4.255892,2.3257544,5257.4326
5100353485969674880,53.4471968241054,-21.633007479525386,4.2564692,-0.122627735,11647.831
3299306676068154752,63.8836641862082,8.892257670241154,4.259019,-0.03816843,15005.779
65296907494549120,56.302162856141784,24.46706395730414,4.2610216,-0.10732508,12160.673
4660016396371388672,86.1928934804897,-65.73547602893706,4.2614965,0.3424406,7437.5547
6434564460631076864,284.23752678628426,-67.23342348412878,4.262779,0.91454744,5808.957
6601750220152445440,337.87668566970035,-32.34615910715257,4.263408,0.027941227,9344.966
4050817990273288064,272.0208681502805,-28.457233171354165,4.265147,1.170239,5374.347
2924859847973986048,97.96400994106081,-23.418394841586725,4.2663584,-0.34982014,22637.568
3079329274484276480,130.80606318026602,3.398657817247665,4.2679243,-0.25376225,15653.916
1707399209837352064,236.01507917362505,77.79448391626615,4.2679734,0.09789324,9173.32
5032256161014732416,14.651598785584167,-29.35743084547439,4.268622,-0.16778708,13749.596
6075953898506794496,184.7484102828588,-55.14304955965115,4.2731857,1.9914815,4769.8315
198271397081746560,73.15811133967404,36.70317157551368,4.280531,1.5983799,4531.5464
6245697981070158080,242.99885595280662,-19.460815946757542,4.2813463,0.067061424,13405.724
2812640598863547264,352.2890222875733,12.760675896055872,4.2902794,1.094487,4957.8423
798883781282661248,143.55579627904467,36.397457046512834,4.297111,1.0780518,5037.795
5290818758516639104,119.9063897425201,-60.587012750445204,4.2988462,2.2038782,4746.2236
5409223585178017152,144.20553417462855,-49.35483376770194,4.2990227,0.23794603,7948.9814
3676091134604409728,189.8111824278454,-7.9956734410311885,4.300346,1.3487484,4430.677
5333141675530343936,177.42089229652078,-63.788460161353285,4.3004665,-0.18441057,15288.296
6482637342379564416,312.37093069373157,-46.226710517266035,4.3030252,1.7461042,4795.61
238798433608754816,47.82228318257263,39.6116005556922,4.303629,1.251029,4801.5503
2887631548188825600,89.38419413169026,-35.28323557408734,4.30405,-0.20330524,15006.801
4238245591376160768,294.18031742159945,-1.2866958118950973,4.306137,-0.073433876,12186.777
6110115278109271808,211.51139315781728,-41.17972197961865,4.30829,-0.2842698,18871.334
6541802406664428672,346.719415253801,-43.52041348242113,4.309135,0.5236678,6699.662
4512265810537057664,281.7556053210387,18.182027709302517,4.3116574,0.16619587,8369.756
3337904172766584064,83.7051701225373,9.489575300160894,4.3139844,-0.21407509,18669.512
2950869585804006656,99.8196865986581,-14.145791459248672,4.315678,1.6302156,4449.45
6591574171318785664,326.23687217868667,-33.02620089292468,4.3158436,-0.040712833,10048.173
2096875399817444736,281.1932967031989,37.60520976091957,4.3164573,0.2661147,7748.159
5709177126086079104,129.97309911775505,-17.30366147994489,4.317508,3.8625188,15901.932
5394951821153092864,164.17979302441142,-37.13832049306377,4.3193483,1.1788831,4811.762
2218144110660778368,330.9498703431263,64.6283669591411,4.3197494,0.46385193,6993.754
1724851173788449536,263.05490751446143,86.58669984133707,4.3210907,0.056266785,8879.579
2190258605992864896,311.3375057842007,57.57867088856138,4.32131,0.71885467,6000.053
146483849657244928,70.56126220749623,22.956827136792597,4.3216267,-0.16695881,13968.528
6412595290592307840,330.8724078795965,-56.79725466122902,4.322904,1.2974195,4560.303
1714135092946125184,212.2115570054954,77.54765793580734,4.3238397,1.5702972,4483.25
4447348307551626624,253.5017194336191,10.165206239842995,4.326058,-0.10312843,11631.806
4057701830728920064,266.89007492146686,-27.830834617754377,4.327284,1.0979533,6114.259
4900927434176620160,7.886938172552418,-62.95846123879345,4.3299294,-0.06937885,10567.437
5129338021224785408,41.277321981998256,-18.572408740298428,4.3308682,0.6453371,6255.476
4640087816818486528,42.618003751913996,-75.0670648776236,4.331589,1.4569733,4638.0493
582791194797052416,132.10812687512194,5.837681582911936,4.3399606,-0.008933544,9833.588
5241038575754368896,166.63474912463454,-62.42407286277583,4.341425,1.150554,4940.9937
4532952022299038976,283.68705243333216,22.64508121313681,4.341644,1.0145514,5088.496
3289827339649866880,72.65301717691803,8.900050277516753,4.3418336,0.06557751,8925.3
1845660598015820800,313.0316600569499,27.096693018018193,4.3485847,1.0225337,5208.3745
2512513678696855936,28.389049627315874,3.1876442651106647,4.350665,1.1083188,4979.462
4815660547961306112,70.13963424554842,-41.86408761019901,4.3509507,0.47311115,6978.425
1244571953471006720,206.8133909945028,17.457173637726076,4.356021,0.6444831,6319.2407
5713807856749312512,122.25676600732773,-19.245052108300168,4.3570156,-0.19918394,13654.321
2099679223187100800,288.4395266225376,39.14595982166891,4.358041,-0.1904707,14083.148
5754141722822178432,130.91816693378837,-7.2337345698369715,4.358281,1.0106034,5861.3027
6116497702589633152,215.75918733222224,-39.5119099153161,4.362966,-0.26522493,16531.592
2299721723041327104,341.8720184358857,83.15403863513929,4.3654575,1.4405253,4708.7896
5270986008289935232,121.98211396646732,-68.61693180640187,4.3659434,-0.14561129,13109.918
1256239111870681600,216.04853685161495,25.703504548307073,4.370626,4.906413,3550.2476
2135110401277424384,294.1105137988449,50.22227321404957,4.371612,0.5560627,6578.421
1707279775385990016,232.8529108322273,77.34939574430686,4.374761,1.7872338,5041.6763
1222932018450870144,237.39813874191995,26.068104449762515,4.3782544,0.9851229,5184.7676
5675226784000789504,141.8275752299548,-22.344518443839405,4.378458,1.290344,4519.328
5899234960867291776,218.15419586816392,-50.45723372490749,4.37895,-0.26413822,18077.078
2290599311287582464,302.2225209056655,77.7115303856395,4.382442,-0.032847404,10344.182
5509770796785820416,108.13922367542023,-46.758827129126175,4.38301,0.49389076,6843.7666
6069335903658036480,206.66414566683008,-51.43288671705135,4.3834553,1.1127875,5015.4043
4481492679086077312,271.82653939163356,8.73399844914787,4.383688,1.1068025,5018.3594
3996208310033740160,163.902962252303,24.74966310017492,4.3839993,0.04153776,9568.31
227814278088126848,63.72221249306844,40.48353170582306,4.385077,1.1836028,5290.4907
6013425703029987712,234.94161333458936,-34.41197080109512,4.385198,1.1544938,4846.1987
3029166186781118336,115.0967001776586,-15.264042654561065,4.3859286,1.7241807,4021.7488
5811760117856643072,260.49738392209514,-67.7707042097262,4.387793,1.3734081,4796.805
2790237499690691840,17.863600155794938,21.03460379402876,4.3905344,1.1629329,4811.9287
2428589330539122304,1.1254682646720602,-10.509574730675123,4.390705,1.6974924,4309.2466
294090536905167744,18.437358327088983,24.583606368410475,4.391385,1.1781313,4918.979
6126517517699891712,182.02153096729992,-50.661322294031365,4.397392,-0.21219254,14108.422
3344466195602497536,92.98499231311342,14.208678690697223,4.3984027,-0.2293582,14519.368
5541379935031012608,124.63819225374212,-36.658842804982086,4.39842,0.31833887,7570.1772
5864427996198128640,209.41160743594375,-63.68684691019141,4.3993073,1.2415924,4752.8516
5198926661906152320,161.4448613788698,-80.54016006425408,4.399862,-0.27021837,16543.484
2032457178261396736,294.8441991156026,30.153480944944825,4.4000697,1.1247077,5032.1064
5983435733124805504,240.80402445350092,-49.229651491005114,4.400192,1.0812836,4988.4146
5602287587814648448,117.0214852776532,-25.937148677856843,4.4038,0.033300877,40875.41
2989514155341556224,78.0747361229714,-11.869273947049956,4.403952,-0.117209435,9996.146
1016370651589755904,137.21675594579105,51.60450045234177,4.405898,0.38443136,7335.2812
3312759303913978624,66.5869485853136,15.618207900194715,4.4061656,0.37813282,7390.374
5134765416778736512,29.167801413987608,-22.52689417375069,4.4074054,1.6014807,4373.929
509342237530006016,23.482455582360476,59.23197152420271,4.4079986,1.1726229,5032.8604
1250169120491310720,207.42858547629316,21.264177739894937,4.414803,1.6066606,4419.565
3789997584304886912,169.16492606970593,-3.651765921963768,4.417504,0.32710648,7596.246
4697508196671120000,28.73476833435093,-67.64697694696969,4.4194345,1.1233664,4949.4014
5612323414549657728,114.70770724641433,-26.803750887424282,4.4215617,-0.2527852,17115.793
1384195086792268800,238.17156439238116,42.45431545672387,4.424265,0.78446794,5748.618
2892302930717628288,97.0424607538235,-32.57995519114459,4.4270487,-0.22405624,15484.751
6781898465857257472,315.32272125733846,-32.257788456715424,4.431923,1.0677991,5235.2153
4467810837428358144,270.4384145048232,1.305004033921748,4.4330363,0.104721546,8556.742
6471630024096107008,311.01085387228005,-51.921213220706434,4.435362,0.38055897,7365.161
1511173389717021312,212.07169275631188,49.45843223129938,4.4359074,2.120148,4944.8574
1004671160675810816,94.9056792160276,59.0110906288025,4.436156,0.04730606,9098.855
5537733610870346880,118.16097771908365,-38.86279730944278,4.436491,-0.24020815,15253.823
3946945413106333696,185.17876326802073,17.79326400102279,4.437253,1.1876316,5059.802
1990723839987250176,348.1381289460739,49.40663255425639,4.438951,0.43425322,7228.844
5398838560397608704,170.80272400043245,-36.16477463671822,4.4398646,1.7004118,4477.207
1018881764347586304,143.70547859236333,52.05131762281671,4.4407907,0.07970238,9679.628
3237714611660197632,82.69608787459276,5.94797291098625,4.442832,-0.2046156,17682.215
3544125550016418048,176.19086105478968,-18.35078590188443,4.4437094,1.1275473,5032.0703
531667443164972416,21.484314352288017,68.13013073330919,4.4439874,1.1948743,4833.1187
1651268660203160448,265.4848727514217,72.14766082787942,4.4444957,0.6082969,6403.079
1683112784684915456,188.68299231546547,70.02175947341266,4.4447007,1.5835404,4561.9634
2261614264931057664,293.09759805108064,69.65345106254792,4.449041,0.9943154,5153.247
6463748969563201152,319.96742118214337,-53.44972146066485,4.449587,0.210814,8119.0664
2501083018375563776,35.485896695153116,0.3956388210178185,4.452819,2.163491,21074.611
5726736979617591808,122.8178102812069,-12.926959451751904,4.458358,1.0965624,4959.165
5517171678276669696,119.56012476254185,-49.2448713266434,4.4602137,-0.22049618,18917.285
4537855878510208000,281.5187513158248,26.662234831143955,4.460252,1.3605783,4812.808
5636377945815560192,140.80039902026272,-28.833758615992597,4.4627023,1.0782287,4970.692
6404338508024243200,336.8339219636266,-64.96632070625364,4.463097,-0.016088486,9997.53
6507189711903745920,341.40807094302716,-53.50004282937234,4.4635844,1.3939269,4491.3154
3837697972130323456,142.28773185495155,-2.7690784103141683,4.4650126,0.6165037,6353.532
3224479171721217280,84.79643988939736,4.121470907332876,4.466577,-0.07616854,15709.806
5837798614783548288,181.1921448685118,-76.51885920330143,4.466885,1.7013099,3914.4321
5869474548409857024,200.65778408454227,-60.988477035870154,4.471185,-0.18620491,13791.946
5873439421661664128,229.41208654541765,-63.61042600805936,4.4717035,1.3972178,4766.952
135039063187620864,38.945232847342844,34.68733260775787,4.4736915,2.2552881,4990.992
2419885149815948416,355.6810580618538,-14.545199890201895,4.4737144,-0.045919895,10093.453
6302970476609150080,214.77739708675452,-13.370968619314743,4.474489,0.1865778,8130.3286
6836557216095979136,325.66530439777097,-18.8663579672892,4.476236,1.0804944,5423.08
5316544444397971072,131.67720692471414,-56.76973337885429,4.480047,-0.24246693,16814.121
1237090738916392704,222.8480514738455,19.100269640072455,4.4804826,0.92511153,5386.0786
460022372142253696,46.38494302170412,56.7060289454936,4.4813848,1.1860025,4759.442
5251098523021221376,144.83715413470756,-61.327959045828244,4.4816127,-0.073476315,11127.307
5896820467691187968,212.47730977943647,-53.439350525474744,4.4826813,1.107548,4943.1177
3209572852067563392,83.84650099334792,-4.838358713609504,4.48509,-0.26370144,26935.38
736193339116006656,159.68005362032412,31.97627338664522,4.486387,0.99033594,5269.288
1845878713633577344,313.64014476986824,28.057618564750896,4.486922,1.639447,4367.981
2265889028699755008,283.60007971689686,71.29738620421924,4.4897413,1.2902038,4530.9043
375010813139050368,12.453654360590372,41.07882781020357,4.4909096,-0.18458271,13274.97
5354994812705906432,155.2282184580675,-56.043213855508675,4.4914026,-0.13803959,12705.214
2377777840203597952,11.047458220693049,-10.610053811309848,4.491986,1.1731641,4797.132
4334491925818303488,252.45887849224064,-10.783439387247329,4.4982443,0.656775,6224.9185
6710148975598716544,279.8962982612721,-43.18607216488686,4.4999523,2.2648199,5253.604
1451072022557616000,209.14256200431043,27.491866867445157,4.5035706,1.6176767,4420.599
4177224620176470912,270.1215640302489,-3.6904755879023337,4.5056276,0.54582214,6662.025
1372702716380418688,237.80799964337655,35.65583336071889,4.511343,1.1676152,4766.957
6007671683806540288,230.7888584161534,-36.85857903755534,4.513188,-0.21357298,15114.565
6170485544575679104,207.95648516889636,-32.99421604932391,4.5131893,-0.19682121,14636.628
5610288149803056896,108.5633486897137,-26.35248705694927,4.5140247,-0.19711828,13678.615
184433149893809024,81.16308634193963,37.38530042174584,4.5159707,1.5823338,4115.5923
5416484244558878080,155.58143864504441,-41.649693688783614,4.516285,1.2453613,4607.302
2414783622022208128,0.9350673848393924,-17.336031385276243,4.5165873,-0.015861988,9823.439
5233836018668907776,177.48579098512604,-70.22579282621119,4.519953,1.5178235,4696.346
5738958360595725312,139.9431298177414,-11.974797638401844,4.520355,1.0834901,5172.0234
5989102478619519616,235.2963466961976,-44.6623899936602,4.5205355,0.57149744,6596.695
812966291849963008,143.76578468685707,39.62158249034539,4.5221634,1.1700416,4868.8813
5127513656557144576,42.75944451806854,-21.004108442088427,4.5226736,1.0798752,4984.7188
2702544403629124224,336.31934038803763,1.3774098514356214,4.5250964,0.06154108,37395.324
6042226413691523712,243.07579088861522,-27.926483701511838,4.5251393,-0.21075535,15365.824
188771135583573504,79.78833900872726,40.09609817127969,4.5258846,0.79079056,5761.5337
5964986649547042944,253.49886248281086,-42.36204478621972,4.526421,0.80834913,6105.94
2840673506807375360,350.15953538948116,23.740343929010553,4.5333734,0.28269577,7602.5913
1547805440663969920,186.00631881104468,51.56230716879521,4.5386505,1.0439763,5110.8794
5298600105394226432,140.2365889108254,-62.404634431630086,4.5393353,1.1262791,4878.9873
6846938048974889856,301.7303145942649,-27.225132172783738,4.5420103,4.7384157,3512.8997
2911168969701511424,90.81533908004972,-26.284162348914474,4.5432167,1.5793161,4278.623
3326740865570982400,100.24441664679023,9.895739133621289,4.543516,-0.36048555,26003.506
6238537823914049408,235.07032756422913,-23.818155253685525,4.544677,1.4448464,4624.234
2230744513908056192,332.45227851810483,72.34121796602223,4.5459895,1.0873303,4979.1665
3016424530632449280,82.98274667917148,-7.301559457042783,4.5462146,-0.39315414,26322.242
2163949388695291136,314.95652722895505,47.520952441379954,4.549879,0.10556936,41342.062
4763906879239461632,76.3774682786158,-57.47218051585344,4.550013,0.7088733,6038.381
3235897703054775936,81.70929343540975,3.0956682931066135,4.5534735,-0.3188715,21900.889
2328250059757795072,357.2319437772816,-28.130743427071945,4.5545783,0.009323597,9659.493
3068999225306100480,119.93373161579888,-3.679597613872835,4.560082,1.374418,4792.649
2932346628813365504,103.90620210035782,-20.13631925626221,4.5604143,0.52044964,6747.1577
5314918610293463168,128.8325641755373,-58.00911680041993,4.560734,1.1558485,4779.4644
137319832555250816,44.765068361382745,35.18316029459311,4.561302,1.3887236,4757.817
1068971975056597632,137.0976608806673,66.87305327249916,4.5617146,1.7331998,4481.609
93806419367308544,28.38291710673696,19.293423012157074,4.5623956,-0.028431416,9977.32
1043382731705599360,137.73038701291733,63.51336043490033,4.565455,0.45615244,7089.047
4291322105716288512,293.44178284648535,5.465586395833105,4.5666766,3.366252,3634.7786
3765400306600131968,151.2809488121868,-13.064541278568644,4.567612,-0.08202219,11298.814
1999333119114597632,356.76490909594787,58.652243604255666,4.5690794,1.2516651,4599.026
1843569258170830848,311.21861475409605,25.269805271037367,4.569888,1.3314006,4735.181
6043646879640103936,240.8355946975947,-25.865412141898794,4.5704613,1.4009781,4444.192
6057088443681190272,193.66297494956902,-59.146768122660625,4.571913,-0.19741297,13580.238
5517239366958299776,118.2650856736453,-49.61297718879144,4.572828,-0.337636,22431.076
398030875774246656,20.585284640689324,45.52881684065896,4.57383,1.2145715,4665.719
6631154940652748544,277.8434291574654,-62.27850402524726,4.5776186,-0.13226652,12351.756
6767903057227289088,294.1771467866805,-24.883724536359477,4.579329,-0.081779,10497.174
4225598836822831360,307.4128129463103,-2.8856284168606123,4.580437,1.2799835,4753.9736
3409207536188836352,75.77426596731988,21.58977916305356,4.583001,0.22456741,7898.7993
5589411172768195840,109.5765819812565,-36.73392598793727,4.5831995,-0.008931637,29367.816
4050309195613114624,271.25513249315395,-29.580109896712006,4.585245,1.1081829,5125.068
3448691754658000640,83.18197230212488,32.19200837084741,4.5889196,0.5410819,15015.948
6535342432254576000,353.7692858073331,-42.61510182893474,4.59095,0.13844156,8826.013
6236363539673265152,237.74469925297092,-25.751404905972027,4.593921,-0.058519363,16284.998
5145955421492456960,38.0214809025442,-15.245178454511375,4.5949807,0.6373739,6456.0347
1126897477422999936,158.7725122570992,75.7129084407845,4.596746,1.0989625,5064.348
5222191159719547776,136.40984566742884,-70.53845796451294,4.599252,-0.15440845,19763.316
5344985442961439872,173.6898122311546,-54.26402127446299,4.5993133,-0.059229374,9997.267
5099265828450228864,49.59215317159656,-22.51106442436974,4.60132,1.0916257,4897.278
3309419984020798080,68.4626315976831,14.844319676275646,4.6015615,0.34702873,7366.9365
951619690275198720,102.6912781062249,41.78062052772636,4.60387,1.3875916,4719.729
4084276442652198400,289.4086141104717,-18.952954747215895,4.610157,1.1769841,4902.257
875981845857570304,120.87941971270504,27.7941453867541,4.6111827,1.2771211,4546.1953
5289757523635492096,122.25130517011961,-61.30371244519543,4.6162243,0.6141262,6417.606
4674061076849768832,52.34822619825845,-62.93586859425676,4.61846,0.56116915,6579.7573
1340068730232295552,259.41750492094536,37.291766258237836,4.6189446,0.061565876,8911.82
1801210568415251072,326.0370430016283,28.74156459933625,4.6213474,0.63430834,6339.9644
4350816684193728000,246.95028401474943,-8.371726943548607,4.623723,0.26875782,7781.1094
4008342726516877312,185.6262410347842,25.84612163011928,4.6245327,0.7382045,6441.491
5946685759563224960,265.0999815874886,-49.416365160249036,4.6307707,0.58799124,6494.879
5612323414549657984,114.70563736233603,-26.801707569320282,4.6316895,-0.15210581,13229.165
3059491988786433536,107.55700421152144,-4.236140484834375,4.632417,1.195008,4691.419
6780065098938242304,312.49208486418803,-33.779808544115205,4.6341085,1.1560171,4968.957
580275512191589760,136.49311197833015,5.092283407784005,4.634946,1.370192,4861.3096
427322415301550208,13.266856595321226,61.124725084691256,4.6359124,0.7279029,5986.044
3222282691086558464,81.18678542582163,1.846446899728481,4.6411395,-0.044976234,40070.098
4104122833743954304,277.2994131435603,-14.565844529321735,4.6417503,0.162364,9291.06
3649422995468596480,217.04996173229358,-2.227972894104621,4.645484,0.87327194,5477.121
1637717179389828224,264.2379136853085,68.75939576611263,4.645841,0.60217667,6391.763
2661005953843811456,350.08611451666513,5.381042277393145,4.647561,1.4459774,4635.763
143652710294349696,44.69043695121501,39.662542006966284,4.6480665,0.13847303,9180.515
418090121095577216,7.943449071209089,54.52217954001499,4.648081,-0.0906558,11216.642
3747804993819674880,159.64517176382049,-16.876453955545227,4.6486974,1.0771589,5228.796
749214855324239232,156.47800139920705,33.79585502679851,4.6493287,0.38487577,7192.1343
6210376582348019456,233.65554656177224,-28.04716328166895,4.6517353,1.5382729,4768.8574
1524913024458144256,199.38485314248146,40.57268849014382,4.652891,0.40464687,7344.1455
1744662586614707072,317.58562219320083,10.130905033190228,4.6535826,0.35309362,7404.2666
2143019566369485440,288.47958444257154,57.704753548001584,4.6551614,1.3128779,4575.555
4016525498208900096,184.12528899339236,33.06103805707324,4.655225,1.3062801,4784.3364
624684408880100992,154.932943049452,19.469961355767943,4.6571474,0.6203766,6358.3823
2191213153886504704,319.81533890365745,58.62348562292023,4.657596,2.2749565,6297.264
3587107658569000960,174.1701844290331,-9.802205106238016,4.658411,-0.056047916,10436.415
3887116690471688960,154.16963549688722,13.728268710799595,4.66207,2.030015,5171.1943
4530386346267403008,275.5363084455299,23.28551743458474,4.6650925,1.9730544,4467.3765
6085229378603010688,196.56940048682722,-48.463360446028624,4.6672645,-0.19635725,13243.873
6454999399628150016,308.89584121149846,-60.58257517423834,4.668942,0.41573,7178.785
2144423264761182848,283.3064312871982,50.70812285427164,4.6691937,1.0733986,5208.137
5932543841135864960,243.36967339737595,-54.6305678178746,4.6705337,1.1821952,4986.569
4066303447672595200,272.93060124139345,-23.701374034490094,4.67057,1.2106164,5215.4736
6235654766990811008,238.40291328025262,-25.327245706426233,4.670864,-0.11542082,13861.232
557132510414951552,75.08638114180661,81.19421908422336,4.6715593,1.4653149,4735.5063
853819947756949120,157.65517382143014,55.980393770343866,4.673892,0.700737,6066.204
6294168164474202112,207.46737454105764,-18.134339219019612,4.675496,1.1965127,4863.784
6054349903822813824,181.0799018292632,-63.165696998283835,4.6758814,-0.090596676,15361.371
5991049095268550016,241.62259899818093,-45.173094316276824,4.6768484,0.2884245,7872.474
1068982214258617216,137.59826115667667,67.13362657576307,4.679625,0.6576514,6235.699
6001046782644084736,233.97173763292383,-44.958481101484004,4.680546,-0.24888992,17099.77
175909804473075968,65.1025267220552,34.56669459662401,4.6806498,1.0970111,5017.0757
2884366106030590080,88.87483789134227,-37.12074843715131,4.682606,1.1969042,4700.5557
589907543288859264,142.98596093539476,11.29945493965191,4.6827707,1.2001143,4878.6875
1511727333122255744,214.0403113385615,51.367626355117125,4.6919436,0.3051815,7763.679
873217295669693952,112.45302715083615,27.916023564899124,4.6931624,1.2390833,4652.1895
397372371388455424,21.916349868710668,45.4061957177476,4.69429,0.5953102,6485.3086
764027677836546560,169.78259091300538,38.18525683509503,4.694619,0.15785742,8311.906
5323643028911351808,134.08014307195594,-52.72340937416571,4.69606,-0.18524742,13308.17
5329412200783621120,130.3046529868285,-47.3170832661192,4.696814,0.29986715,7890.9414
2046564633962669184,292.94301589248624,34.45295263273132,4.6996293,-0.17377996,14283.802
413463586628312448,19.55779304162413,57.80316285738621,4.701408,3.320984,3518.9565
6171681877649374080,208.30218826696824,-31.927667152416067,4.701439,-0.1408391,13389.204
5381537023379295232,176.62052057636615,-40.498565145629904,4.701676,0.85635567,5538.9297
61033001402831872,50.68825067127788,20.742002979608355,4.7018433,1.3863542,4484.821
3414635344059244032,79.819245998672,22.09617227187294,4.702397,1.0903358,5021.8457
4085916536069079680,282.41711393060245,-20.32450728120616,4.703201,1.6006689,4167.5625
3300128870247575424,63.48489511767581,9.263690552929019,4.7038655,1.038167,5302.773
3185689878960742144,68.54888212315949,-8.97075150389221,4.7054224,1.6568959,4038.9758
3248382657587709056,52.654474968373464,-5.075118792984445,4.705741,-0.09442282,10840.253
5721585114811978752,123.3331373853723,-15.788241335550063,4.7064776,1.2119026,4944.5264
4211336453026352512,290.1376114817061,-5.415560308214135,4.7074027,1.1354585,4817.8916
6715596505954270080,285.7789905081032,-42.09530869089781,4.7096405,-0.012541771,9886.142
556128072184905216,57.374934024652454,80.32252651264417,4.711544,4.2500076,3606.9282
1870779903225039872,311.8522881222133,36.49067518364036,4.712803,-0.1284666,14511.894
5280799218287640448,104.96023810953895,-67.91540542525011,4.714031,1.5340803,4434.178
3017187866581304832,83.76118125097135,-6.002022626826358,4.7164865,-0.37281036,23082.492
6014848745955612672,235.67080315402964,-34.710550185113796,4.71713,-0.18609428,13693.807
2959158391646286080,75.54134570962474,-26.275364526936286,4.717308,1.2097406,4842.624
797655936030681088,142.88474751755192,35.10283899903682,4.718575,1.8555574,4709.984
2388950665046418432,353.31925908019775,-20.914471111388817,4.7198157,0.07002306,8936.797
5499415974230271488,92.57458961026852,-54.96860694005012,4.720275,-0.34344006,9999.556
5508659362328792704,108.65889107843371,-48.271927786329506,4.721437,-0.09697342,11153.52
335144892337326336,40.56203540720429,40.193122971188636,4.7216687,0.74047184,5948.3945
3155451625572457344,111.4120613782976,9.27605302615197,4.723,1.1477256,4993.889
567664766657362304,46.53180913962083,79.41858143372502,4.726453,2.084191,4649.5723
2162953368584828032,313.3115554151719,44.38727303416941,4.72838,-0.16905451,12897.7705
4117290138348536064,265.85700792887656,-21.683392427381285,4.7305098,0.63404465,6274.9985
3407611182744289152,76.86503115411448,18.645131947885993,4.7324567,0.8440647,5655.869
3187058564780234496,75.35977998271439,-7.173933668400073,4.735605,-0.25689125,17024.984
5935484313053503360,244.25388123947533,-50.06813816594715,4.735878,1.0295506,5169.2983
3961912034103154944,192.92460709941773,27.540676418507612,4.736375,0.86277103,5578.806
4408631032807405696,245.51741446723025,1.0292684506013956,4.739257,0.47335768,6936.5513
5254541368828470784,159.08513264736118,-59.56456581276088,4.739403,1.3129044,4698.1562
6263223955904774656,239.54730422419635,-14.27942818000069,4.74231,-0.015044689,13352.297
2114103235192312576,271.8696952603953,43.461636500061985,4.74327,1.1014295,5118.1006
5808612830236138368,247.1198786603902,-70.08390985846162,4.7439675,0.736691,5957.2573
6046050824364599936,247.55195970622523,-25.115341157014107,4.7453985,-0.1682496,15141.507
5845487808871992448,198.81187001436788,-67.8946321873443,4.7490315,-0.11118364,12028.214
1635375460142367104,254.0095535449022,65.13502280368243,4.7508183,0.67635536,6169.928
5544672044638408832,123.37294754935455,-35.89947213282602,4.750914,-0.075507164,37451.25
272818079284597760,69.97779923924378,53.07946385425934,4.751208,1.2489586,4934.634
3312849326428424704,67.64062132435598,16.193900711881753,4.752029,0.23295069,7907.8584
6879844473490229888,305.1659635365818,-12.759147847638765,4.75221,-0.034519672,10093.94
5676911545051183872,143.30181861753275,-21.115655045302205,4.752573,1.13556,4941.012
5357075947709011456,157.8377665452764,-53.71455177900993,4.757292,0.6904063,6096.4644
5239823134370969088,160.55864655256698,-64.46637464269864,4.757889,-0.1582737,14220.957
4469791641982392192,270.0658365415798,4.368585703237547,4.7584715,-0.14429379,15340.538
2416611663182821120,2.8156932027646513,-15.469175920957877,4.7636194,0.68170166,6115.5513
6730853810342681472,284.68002995157445,-37.10776456300982,4.764698,0.5487628,6880.217
2932263546963330176,103.38708452690733,-20.224232345171853,4.7663326,-0.31521988,21743.043
1835335977682835200,303.81626848477487,25.591937769362993,4.7666535,-0.23436499,14821.178
1872046609345556480,316.7484792940004,38.76386244649797,4.766713,1.4625897,4353.7437
5519121043675092864,119.46539056563456,-45.57753535195611,4.7689886,1.3624754,4396.723
1532184644606148352,186.46179857625555,39.01846631895331,4.7691092,1.0920539,5007.3296
1637308298502075904,262.99097840864243,68.13561454244075,4.769284,1.2255077,4837.7935
2981103853463479040,72.5486128794344,-16.216927087167644,4.769715,1.1476741,4835.5073
894363992351617920,114.79118942273922,34.583839079832245,4.7710595,0.5829711,6470.266
350442122738958336,24.837369083178974,44.38621335342802,4.772018,1.0534949,5161.803
5663558453071724288,145.55812521272944,-23.914401382944526,4.772147,0.7007799,6030.947
4193995745902661888,293.780275976836,-10.560455114608944,4.772184,1.2929726,4520.576
6500265674867369344,346.1655469071954,-53.965373284034484,4.774462,1.7228451,4636.3535
5551248086235237248,99.65684226005037,-48.22009630685494,4.7750874,1.132772,4993.193
4840555106121661952,62.71191289115035,-41.99329197232518,4.776711,0.4859376,6867.7563
3000111317134691712,97.84623639671285,-12.392090908529328,4.7773094,1.3948712,4709.004
6039093149153220480,244.5744169689179,-28.614470262247774,4.781785,0.02639246,9419.588
257075615399416448,65.3883325207631,46.498722782432914,4.782536,-0.015752792,13400.337
5564659825994306176,107.21272288090462,-39.65562070198668,4.782602,-0.23598862,15973.817
5275962500997316864,120.08317318628382,-63.56736636620579,4.7826824,-0.22787714,15755.685
5699115357749939328,119.77375621890049,-23.310385258708315,4.7839675,1.2391028,4933.9595
5585285049228526080,114.86379375953553,-38.30795199266816,4.78793,-0.25106955,16049.482
6062166950467100032,198.5609508085928,-59.10391799181995,4.7883224,0.653831,6210.112
6003314456673154048,228.20647964079743,-44.500511319956104,4.7886586,-0.24081516,17668.223
935456044713157888,122.11395840540737,51.506646114508555,4.7916656,0.05947733,9124.771
1420972548150735744,263.0679671237433,55.173182955417175,4.792332,0.3951769,7271.061
1838852284569803008,314.5681110420155,22.3258866040755,4.7995257,1.5797546,4405.5903
348515297330773120,25.451342746949244,42.612699774488185,4.800438,0.80515003,5777.9346
2666164484444176256,326.2511216186486,-9.082436117183642,4.800738,1.2150321,5133.003
1264630412816366720,226.82617958714343,24.86846415306875,4.802299,0.5950155,6456.2046
6612242034982766848,332.53884519084073,-32.54834854643202,4.804227,0.64425135,6281.1714
6247207266944651648,241.36061531561322,-19.801970815483358,4.8045835,-0.004170418,16294.352
1344503094987064192,268.325156150588,40.00818570011153,4.805308,1.3732433,4869.384
5239835710037143296,161.7132213307675,-64.38342978852793,4.806735,-0.20390368,14244.726
6053807844583576064,186.6282900396518,-63.122296474327186,4.8069043,-0.18268156,14836.856
4695212588190900736,41.38674803796701,-67.61642226082432,4.8072405,0.11459637,8887.851
1936166725851110656,346.9135312945834,46.3870971608063,4.810415,1.5814145,4383.9683
547825694242685184,47.98468873679841,74.39327247701216,4.8134665,0.071849346,8934.697
5318486456810851072,130.60559576604757,-53.11387968643011,4.8141437,-0.22378635,14144.297
6733635914056263296,281.08067846201817,-35.6421128530727,4.8148513,-0.18394518,17135.629
1334035606852913536,259.3315097591969,33.10007734753541,4.815964,-0.24436331,15571.395
2694414129322277504,324.8884790718447,2.2431892155389774,4.8169093,1.1892085,4884.162
6656678453823573888,284.61580213038343,-52.93866663118432,4.819884,-0.033337116,9735.174
4404771472112825088,242.46037710974247,-3.4667575749492094,4.82157,1.6830542,4555.6865
1908095850396090880,339.81531786163464,39.050245202400795,4.825453,-0.30298424,24257.855
4934923028038871296,18.80055894824174,-45.53087326120101,4.8279195,0.7278681,5980.5386
4109030160308317312,258.83511696459266,-26.60789783205067,4.828591,1.0597496,4997.0127
4692263148249862016,18.947137113761812,-68.87542916816633,4.8297544,0.60028315,6435.571
4109030160308320128,258.83412017812816,-26.606806615399403,4.831335,1.0583043,4991.236
5531762678610961664,115.7374002183504,-45.17557765915933,4.83457,0.9491048,5350.4604
5772879737424829184,214.55733140588055,-81.00804837407807,4.8351088,0.3252735,7508.5566
1420972823029057408,263.0451867823444,55.18448601890657,4.8390512,0.3672595,7378.597
1364767163005746816,260.08780615247474,46.24095850096858,4.841345,1.8655841,4695.668
4009103588563247104,186.60018905508647,27.268186461511135,4.8417296,0.41597652,7138.1704
6004927989979354496,226.32998234009904,-41.06724422153507,4.8420672,1.1757641,4812.6284
4098024594302973056,275.0368070544211,-15.831871000068807,4.843679,1.6760566,4523.441
91181575874485632,29.337913226409853,17.81746720132114,4.8437476,1.1264586,5016.861
1704062466923822336,244.37472356719266,75.75643519854079,4.8468947,0.520185,6763.9507
4648162939452971008,82.97277731225878,-76.33971557610393,4.8469467,1.2738609,4667.9893
2890256052382220928,88.2786515361158,-33.801224883612235,4.848247,-0.20041513,15056.941
6675723472684914560,308.47954110885985,-44.51620275312119,4.8498907,1.1577353,4831.771
3400292798990117888,81.10726354597193,17.38350331190306,4.8501883,0.7080183,6065.778
470456462615652864,61.11314961992613,59.15551363797133,4.8538966,0.7575469,7166.9014
4559585385067320960,253.84183110618056,18.433263078945192,4.854032,1.6062679,4403.1313
1234645287617291520,220.18155997268835,16.418395838227386,4.85487,-0.11528444,11821.793
5511635499783885440,108.30546881852203,-45.18312595365751,4.855254,0.00011396408,9567.847
6350681790832883840,358.02550971629444,-82.01889284848798,4.8556967,1.1236725,5246.7124
3646572511573604096,214.8848037763895,-2.2658341187143045,4.856747,1.187211,4733.167
5902781985395901056,230.53352239350676,-47.92838428955642,4.856768,0.6681161,6211.0254
3346230980484591360,87.38711058752584,12.651239986555389,4.8577867,-0.07436323,10470.664
2011150635728091648,352.5082389431629,58.54893978736159,4.858418,-0.1515441,15131.752
6059642884074103936,190.48548950851216,-59.68583946108148,4.8601685,0.032096863,11778.08
2161275788716592256,273.47793312479706,64.3974430759749,4.861512,0.61844873,6340.9185
3958719258494268288,188.7125201348698,22.629307200604952,4.861961,0.027367115,9464.966
346231302441905920,30.978258522125305,42.330699217961474,4.8627677,-0.040904045,9610.656
49298394834276608,64.31506301993932,20.578332998961216,4.864198,0.3499999,7460.598
60494103263991168,48.72528453666189,21.04411908941896,4.8649964,0.0074853897,9535.284
4534818718162962304,284.9399424369994,26.230355134642483,4.865078,1.4169111,4812.404
4231171058672649856,309.85414986369847,0.48638687665452734,4.8659024,1.1986747,4842.797
777254360337133312,164.8647031186751,40.43050097561348,4.866588,0.7958617,5763.587
415024618257029888,12.20863075855762,50.968128896486576,4.867326,-0.11441326,9996.19
1761510948746562816,313.90294608338587,13.721485305162814,4.867437,1.271821,5130.6025
5158832592439126272,41.98299452292189,-12.460853543737004,4.8683524,3.3709228,15998.707
4515855716012824704,291.36959205130364,19.798025249014493,4.8684735,1.1671057,4857.028
2212347171817904640,345.88726821871256,67.20925630642787,4.8701515,1.3630943,4696.8076
5997906921059778688,240.8506851161815,-38.60266472752848,4.8705945,-0.18828249,13375.407
5303286052150068352,134.24332976819503,-59.229296625343046,4.8720546,-0.25059414,17092.375
953838195501646848,104.4044785825968,45.09407884832102,4.8726277,0.06882429,8893.127
2035035223783462400,296.60678841603806,33.72560570838146,4.873973,0.64211273,6271.1895
4760116622140086400,81.58018977224282,-58.91236956183499,4.874447,1.1303487,4960.693
5495414576539584768,97.3684240475613,-56.852623478895914,4.879341,1.2743664,4980.6104
4154786748987811456,278.7601906865285,-10.977230017658773,4.87976,1.0886769,4920.108
1597350774639252352,239.44650655197813,54.75023969260483,4.8819346,0.38831997,7281.1147
913924583384303872,132.9867038166478,43.72681009071655,4.8851395,1.1433892,4981.067
1576850723937017216,195.183114888134,56.366353759527094,4.8859625,0.51829433,6694.75
599009541062160000,126.47804153031689,7.5644590757805235,4.8872147,1.0849757,5158.874
4649242728593288320,73.79714441984494,-74.93658079301163,4.887222,1.7172031,3962.72
2713130535941345792,343.80730729440296,8.816236561062349,4.88758,0.030933857,10005.865
1827977186901985024,297.76723062925794,22.609977845750336,4.8875833,-0.22139406,15716.758
841920040781646080,176.73186602245164,55.62804519747156,4.8879147,1.3774018,4460.3164
1120033123252071168,145.7378857090748,72.25249804713006,4.8888545,1.1559944,4938.1567
6708611446026198528,277.9392831685411,-45.914929694524574,4.8899994,-0.12432814,12479.813
4086248726006683648,281.50476188798416,-19.60633815800791,4.890853,3.050091,3457.334
1830575779527121664,303.8760081511615,23.508870730159472,4.891197,1.1717238,4801.492
1793035016563051392,328.0758398142776,21.273269022675954,4.891479,2.9340136,3632.5725
2889305249701803264,90.3179329776389,-33.91195190394194,4.891814,1.8524053,4601.9756
5508149631314682752,105.97295228004853,-49.58327601950289,4.8937783,0.18905973,8073.69
5746003103393673728,139.1739963187711,-6.353130548472965,4.8943553,1.3251133,4787.2134
6203042324394718976,221.2467241357041,-35.19184392092173,4.895011,0.059018135,8977.133
4090795790766565632,273.5661766934506,-21.71326763961775,4.8954425,1.7454183,4829.5596
990705816813310336,108.97788271342215,59.63631819571704,4.895882,1.234024,4622.3
685307356868426240,137.33973969278807,22.045479071649428,4.8959565,1.122119,5024.9673
3511640513332581504,198.01521298751786,-16.199883262993993,4.8962994,0.64865875,6249.96
3742985903074533632,199.31515379357802,13.675940008354154,4.897491,1.469357,4299.9287
4792305954618472960,87.7217775501848,-52.10921489900183,4.8983216,1.1513305,4888.226
265722999474087424,76.66908986187244,51.59695829274448,4.898983,0.49361706,6923.977
5264749303462961280,92.56235755341913,-74.75398809344104,4.9001403,0.88797426,5495.937
5873543394225295104,226.20182756080146,-64.03131338224604,4.900535,1.1267834,5250.435
3386586836795298432,101.18937333087968,28.970816018995354,4.904414,1.6391654,4056.3594
2278918344568877056,329.81131902680943,73.1791836180336,4.905107,0.6333599,6345.2744
2072156454306478336,297.6953252456522,37.82634476338958,4.9091015,2.9025319,3610.486
3178047173638946432,69.72285008526825,-12.12314744617086,4.9096155,0.115926266,9353.085
2419964589531462784,354.9463536930347,-14.222371862644826,4.91047,0.37202835,7443.5264
6651710619772267392,283.16546539983847,-52.107799680044245,4.910602,1.1407032,5113.6997
3346050969815830784,93.01369189399288,16.130327749314425,4.9111023,-0.19284248,13682.82
1053778957742409984,156.03259900576703,65.56632923065649,4.911254,-0.034892082,10276.215
2930559063426460544,110.55636700315657,-19.016629889873656,4.9122424,-0.0152516365,9999.671
990869987643774336,101.91492644994784,48.78950547790013,4.9140472,1.2521176,5047.0933
6664325728994665088,289.0905732636469,-45.46598438583956,4.9148817,1.525404,4908.0225
2645537646306946688,351.73353624987254,1.2551785536593527,4.915504,0.048545837,9089.04
3331979901042416512,94.11128944061781,12.272992041846027,4.9164104,0.5920458,6455.563
821455861647126656,147.14879992678325,46.02059693079518,4.916553,0.7870078,5785.533
218170461600456576,55.59437438043597,33.9650048392213,4.9175944,-0.00476408,19605.092
390019868412760832,10.866796821938363,47.02438183926442,4.9178357,0.22560167,7921.6934
5236523877939131008,174.8728743386449,-65.39777970019077,4.918591,1.2066126,5954.599
2492286341237939328,30.918738355298583,-4.103787550470484,4.9186435,1.9397364,4832.5034
2321733980187923712,5.380160576637315,-28.981791292687635,4.9200583,1.1451263,4940.494
1061520550394795392,174.01302726996136,69.3223903144074,4.92018,1.1528201,4894.3994
6313390513946128256,224.1921861352665,-11.409656409200057,4.9204993,1.6479344,4057.9963
2078403295235690112,294.157642802423,44.69446773318099,4.92144,1.1000004,4932.597
4421455530273900032,229.82997775153595,1.763125183445368,4.921657,0.7175598,6015.64
1808282768947879808,303.56949986779455,15.19786217788333,4.923669,0.09386206,8782.045
3101768554465447936,105.72822063907358,-4.239222040833818,4.9240804,-0.2624402,18360.582
5069213731825915648,38.46118640813291,-28.232354503351555,4.925496,-0.060198784,10196.3955
2781872793183604096,12.244603356431734,16.93975243414144,4.9257455,0.68561316,6148.035
4281199318773462016,284.06122727499337,4.202253679782467,4.9258733,0.30930853,7620.011
1649549642491581312,246.99559580704525,68.76828974822335,4.9263086,-0.021779537,9990.079
4423234230853333632,237.57324636439893,2.1962973662369305,4.9263935,1.1992869,4682.4185
545900827338842752,39.50804919468595,72.81832240227384,4.926409,1.0667753,5145.01
4693488382160219008,36.94502009636126,-69.52383591607148,4.927935,3.8407667,3488.3262
5250535985379773184,143.0604643685856,-62.788802787333395,4.9282794,5.4125986,3400.246
4617395855326726016,3.3323204357298737,-84.99389853109346,4.928329,2.1639073,5104.3965
4437601373195539712,243.31444725428344,5.021075306680997,4.9289937,1.6538806,4402.1475
5245074230075552128,155.74202511890186,-66.90144452703021,4.929765,-0.15740633,13514.567
241279069280395904,50.36028874911554,43.32964658483435,4.930196,0.078772545,8883.68
355431809584909696,36.103986575830724,50.00638343724548,4.9302106,1.1297379,5026.739
6546508900546867840,342.7590975414,-39.15686943556943,4.9302263,1.5809078,4370.917
606794938083988096,138.80752845764033,14.941458641928223,4.931283,1.478868,4702.7983
1057043579564448000,175.61766017588582,66.74507990702959,4.9314823,1.4066997,4740.2295
2038567370506134528,291.0316390563028,29.62138547683061,4.931821,-0.151474,15036.703
2089092884718210432,298.90718234400947,52.43881470292534,4.93292,0.18369341,8357.96
4866371879660471808,70.514746883652,-37.143384868775584,4.9331775,0.5346408,6665.7456
1536314925675920512,184.03155412569362,40.66003518191799,4.934459,1.9893639,5084.266
3617798051756565760,203.24182490427663,-10.165171297158025,4.9350495,1.1438737,5109.998
3029560533494670592,116.48690700885747,-14.563778570641738,4.935122,0.47900248,6915.935
6774564036104416128,313.41769104876784,-39.81029489510696,4.9360247,1.449903,4700.881
6769951309952856960,291.37349144503054,-23.962507641743542,4.9367595,1.6158142,4098.7783
3236198793146848256,80.7083419203579,3.5444432897162,4.937566,-0.22169924,18082.28
4720282071779657600,44.6993868223538,-64.0712652011524,4.93999,0.21333647,8361.265
5593584059914156800,118.06419139640802,-34.70437853685907,4.940166,0.598721,6421.102
736209144595699840,160.54694834165338,31.696910194290712,4.942135,2.5693445,3527.1707
2423949288390214784,7.002453608803967,-11.658868863833478,4.9424787,3.8477354,3559.16
5945941905576552064,266.0361549633902,-51.8349016618794,4.942752,0.8506088,5590.9136
4863608218527472000,55.562119132827284,-31.938300782851996,4.9434643,-0.2042799,15002.122
4590758227641991424,271.75611083115626,30.56234690690805,4.947728,0.7627907,5925.4526
6902502796794441600,314.22508424112993,-9.69759033292338,4.9481792,1.674273,4016.0742
2162604441146179840,315.60079529434756,44.79095900849761,4.950846,2.7414613,3672.4868
1320255698202371072,240.36049337660566,29.851029766428226,4.954191,-0.055237293,10514.106
441416161501150848,52.01294917356026,49.062754281296215,4.9542418,-0.1159749,13039.59
553480551264062848,80.6378397862045,79.23187117015195,4.9560766,0.64222145,6270.167
3439982557414960384,93.08381636766315,32.693366587694676,4.9585433,2.084413,4660.0264
5628746957167192960,132.46459742623045,-32.78073124062092,4.9586573,1.0553212,5184.2725
5021530047130652800,25.535520577977998,-32.32700636189866,4.9588623,1.2119427,4729.4995
663132440719945728,128.17684660865487,20.440965370291128,4.959186,1.3897758,4686.222
3546303712614228736,170.83967408516148,-18.78011481095083,4.9598923,0.5997472,6445.414
2900212714288651776,95.98298495414072,-25.577800876339346,4.959908,1.8524942,4512.1265
5312887640522116992,143.5365782367102,-51.255235708725884,4.9602942,-0.26260138,20931.98
5895083892166190976,221.7552643781173,-52.383882928576476,4.9605865,1.1416783,4989.4937
6009789205765529472,235.659378537918,-37.425016029663716,4.9605885,1.1630826,4845.2886
3667302325846472320,213.06566557520827,2.4093101388858527,4.9613647,-0.11879969,12333.163
1972198271665518208,322.362569608801,46.54104921562074,4.963202,1.1203227,5018.197
3289363964217584768,73.69900178409709,7.778975588166537,4.9637356,1.3845978,4816.2124
6368303006559319424,316.17968483039147,-77.02541198234553,4.9640484,0.7207575,5984.927
2131342100048643584,285.36007079270075,46.934403659992824,4.96545,0.26363277,7802.5654
4181661561906716800,295.6300284600269,-16.12404164957275,4.9655333,0.47118473,6928.9473
719225572599575808,135.94618492582572,38.742033785308166,4.965583,3.3441904,3509.1777
3344735850830289408,95.01757334016474,14.651056395357807,4.967146,1.9161525,4561.841
5398114596413589120,171.37213514928888,-36.062981661342164,4.968951,1.1421404,5031.565
6228798830949582976,221.93688330582978,-26.087541127878143,4.969911,1.1143045,4875.014
5430321014281059584,139.2376469218081,-39.40168968440774,4.97084,1.3058228,4509.685
4315804351350378496,291.24577656808344,11.947271123353104,4.9713717,0.90421486,5465.647
1156084632057284224,228.79724120141185,4.9393754112616906,4.973391,1.2856398,5140.154
2079990268472754048,295.20963297185153,45.525473366269075,4.973558,0.55159664,6608.0796
2401210322775501184,341.8875271194606,-19.614292061562235,4.97413,1.1273179,4968.054
3307650109600736000,67.20948986265694,13.04753577613368,4.974638,0.28398275,7680.59
2231107421466197120,338.94494597608383,73.64329301155963,4.9748764,0.5256958,6704.5444
1430141169456065664,249.5019055741683,56.0158548758333,4.975124,1.217061,4914.002
5580063399781825280,98.08948353584422,-37.697059702338336,4.9751806,1.156548,5085.896
6246914247094934272,238.33349646004243,-20.167154106447892,4.9757648,0.012932301,9999.445
4303294039306246656,297.75794101185363,10.41511259772722,4.9761753,0.7170954,6019.515
5497225747068168448,101.8279465835013,-55.53987691829622,4.9763675,1.7883201,4529.42
6485789573494536832,359.3969690883292,-64.29850428664867,4.978343,0.07129145,8909.614
6840706910418152320,328.32546316145744,-13.551712410658338,4.9792275,0.5139127,6755.716
1966070246674941824,324.2373895510221,40.41357557542275,4.9795933,0.29133463,7601.7944
198776553956317312,74.81446101681232,37.88981078896318,4.980049,0.015380859,9579.998
3212075924646082176,77.18231993661391,-4.456136052979699,4.9814367,0.6316533,6280.416
6198599507144514432,223.21268893326186,-37.80325214524727,4.9827056,-0.22218704,15463.751
1993966437221117568,359.7523130508916,55.754909524380686,4.983272,-0.112410545,18756.564
2042783997580310784,286.24153685141266,31.743729045042468,4.983694,1.8313413,4452.412
1600250049363008640,226.570023309665,54.55637154358464,4.9840565,1.1310658,5092.305
1733281541754737024,316.14444029508445,5.5028676953966045,4.9842887,1.8277111,4270.3726
806628225792165888,149.42037389934075,41.05551695585219,4.984309,0.62355614,6333.7026
6816586167927675776,325.5033480629453,-23.26328003264554,4.9848113,1.1282482,4985.7285
1374695306328813568,234.84438427599244,36.63577788094199,4.985497,-0.14053106,12157.055
5589465632951699584,109.20581279475411,-36.59260438143675,4.986543,-0.23697996,15588.329
6728550161684106880,281.93604549537645,-40.40624760827359,4.9870543,0.9781208,5971.527
5617678822143017088,109.66823156630946,-24.55868316646098,4.9880133,-0.13692093,23133.97
683184784030475520,125.01599916401489,27.21602917222347,4.988862,0.65967035,6195.425
5332396137919486208,177.9630646828018,-65.20593918223382,4.9904294,-0.19759178,15165.749
2739829079149649920,357.99106596137506,2.9303236062577622,4.9912047,1.7429123,4394.182
4112977922408078848,254.99047156795936,-25.09227017963234,4.9917355,2.2049365,5050.9434
1971467916750747264,319.61330451716344,43.94590648819495,4.992317,-0.030507088,21118.25
2320885329010329216,0.583076411831503,-29.72037423519823,4.994605,-0.1850276,13176.125
3850353866361434368,148.42883746459233,5.958582014531934,4.996836,2.294422,5108.756
712117436084443008,134.88583045176568,32.41840484597619,4.998731,1.0675044,5128.2344
96331172942614528,25.62258568627586,20.26551918225611,4.99968,1.0224853,5092.744
3004728922369520512,94.710777303511,-9.39011873047386,5.0009317,1.369596,4751.1274
3017360936587007616,83.84542669572079,-5.41605398038709,5.0018144,-0.004441738,17766.283
1366858193604257792,264.15710326785023,48.58591204954965,5.004649,1.3257804,4844.0493
4632595744587030528,37.921695939378864,-79.10963126748072,5.0057015,1.1476173,5085.564
2147865732587997056,280.65813646044916,55.53956461657559,5.0065584,-0.0918746,11346.951
6656769472772280320,286.58338491760725,-52.34142977531577,5.007184,0.72727776,5950.0664
4630854015089595776,2.5083277306024603,-82.22413694045498,5.0074706,1.1827898,4861.192
3104434698363107456,96.98985026090656,-4.762159395865779,5.007534,-0.25731134,17922.984
2067050940754838656,312.52131048717126,44.05989015520414,5.0078635,0.27205896,7779.687
3019723202955454976,92.96587861440409,-6.5502872703022685,5.0085034,-0.27686024,17123.725
1645425614893967744,228.6623049416036,67.34497640770853,5.0092583,0.7265644,6037.433
442501619995081088,49.78198800504913,50.09486073045816,5.009382,-0.058522224,13467.744
344400959177254144,28.32220921829671,40.72977279613491,5.0110292,1.4344583,4726.4106
398968209436589312,22.525416770962924,47.0070830338264,5.011265,1.1361985,4972.3896
5557816190743628416,102.47756207116845,-46.612900315158655,5.0112824,0.62668896,6306.3867
1349653516689335808,269.9842097378529,45.501224975603265,5.0114455,1.8875713,4322.0186
5892241070506893312,213.73787992366255,-57.086216997126535,5.011469,0.005888939,13024.166
5246173020160819456,152.17744039956145,-65.81525641483633,5.0117784,1.1113958,4979.626
775456761905169920,165.2096529278966,39.211956163998416,5.012182,0.3592043,7367.725
6643602576214115584,290.7135559340128,-54.42429807361513,5.0122886,0.010718346,9553.676
1931392955601291392,345.6519292872799,42.75779611527191,5.0123167,0.17396021,9439.871
1367510272719203968,267.267501049366,50.78197500608699,5.0125294,0.061932564,8894.626
5579625175681043968,104.60447975642163,-34.11168696391481,5.0135407,-0.22397518,15708.115
6028158540520454144,255.46929223193882,-32.14374569216994,5.0137057,-0.116737366,11551.421
3057302723688977536,114.31924461091482,-4.110906083011692,5.0144424,0.60730934,6393.318
1906169987060497536,333.1993686113889,34.604369533872465,5.0159464,1.2840123,4517.9814
2475331528340199936,18.600727000304673,-7.921590239401472,5.0169754,0.62134457,6346.4976
1763000482062205056,311.6618668885928,16.12322163371345,5.017348,0.6695113,6164.66
5321311583211895680,126.9019446378655,-53.08836566855026,5.0175595,0.36261702,7315.4033
5119953517683718400,35.63658221355587,-23.81677757142723,5.0178437,0.8094635,5754.6865
6793297820158820224,310.3491471261005,-31.598554866505797,5.0179524,1.9899516,4891.3613
4837896143408729216,64.81996002143663,-44.26807706395629,5.0183573,1.2505417,4873.4995
5282761464287879296,92.18379355817173,-68.84332694603984,5.0199895,-0.07125425,10861.436
1040054235130174080,138.58551910281656,61.42317881514599,5.021104,0.7859659,5763.827
2717930312217660928,343.1026626685172,9.835859682863124,5.0216007,0.6631527,6174.282
4726572858838693248,45.90276189950678,-59.73805683152939,5.0221953,0.49139547,6798.4043
2204532156711194880,333.00840790789977,60.75914439595948,5.022645,1.3196387,4728.666
4912947570170211840,26.52704177480257,-53.52176944397532,5.02311,0.04441452,9190.913
6228895347454821888,221.49960889191453,-25.443657577700677,5.024685,0.4055109,7186.869
3495237758351310208,191.00206511535694,-28.324132872259174,5.0258746,1.4965258,4722.007
2804805822600404736,13.81125954427403,24.557002465256122,5.0262947,2.6466112,3566.5964
6071903503843457792,187.47587713114552,-56.524891034751086,5.026444,2.0242033,4724.2056
2297352516001336832,311.8886154140123,80.55209460631015,5.026581,1.3099694,4518.951
5541637564345383808,123.49292147998645,-36.32224589850537,5.0266614,-0.2720871,17976.434
4790936620261576704,67.70875947995651,-44.95376385352299,5.0268183,-0.30072117,19616.332
534739611789943808,24.628647617442248,73.03997759097248,5.026896,1.1204333,5029.847
5688852413126934912,145.07639180659032,-14.332378738833503,5.028224,-0.20324707,15269.0205
2157548616097840000,275.97720848164386,58.8010171842671,5.029228,0.084644794,8790.071
2473608009504466688,12.530589460777726,-10.645349194018035,5.0295434,0.6863718,6112.7383
2210840501590321792,356.9783909833153,67.80680198766605,5.031558,0.021785736,9424.357
2292498687560557056,287.29217458985556,76.55997286807307,5.0320315,0.44496822,7044.5723
3824971846593100672,141.35009228292864,-5.117423706315039,5.032454,1.7063131,3952.287
3240367801938009728,78.68351479620982,5.156182950610949,5.032533,1.5136099,4584.5537
6148648281576023424,180.91680334429074,-42.434552329476595,5.0328927,0.5744715,6527.023
4757008302784648832,83.24865803651025,-64.2275284783005,5.0335765,1.201508,4969.284
3406917219108423808,72.84398461826676,18.839698327208737,5.033988,0.3115201,7543.088
6708630687480489088,278.008111118277,-45.757427171277996,5.0347204,-0.1583004,13297.376
5531457323620806528,119.32668179088469,-44.109830480211016,5.037912,-0.22560692,14361.328
873246776325007232,112.33499918996836,28.118041714732566,5.039443,0.1795454,8201.882
3732539683617410816,199.19230052489397,9.425004654149065,5.0398397,0.75950575,5930.7803
2956064297206301312,78.85160364955996,-26.94363776454993,5.041214,-0.09067583,11157.978
6554537293934842496,345.8746296234163,-34.74904030453063,5.0416107,0.4310708,7073.6367
2324936647106235520,355.15847464639023,-32.07336223093121,5.0420637,1.1344056,5038.8623
5237611398000522880,171.42657109534605,-63.972769897809265,5.0421324,0.65469456,6266.107
4246237185473865216,305.79443412910786,5.342805164187034,5.042223,1.1349459,5011.4136
2727778332925786624,332.65575477949193,11.624295877712184,5.043728,2.0029845,5220.727
1175827016168739456,215.84422665730446,8.446577323011303,5.0450473,-0.0027165413,9729.072
4795960254529172992,86.61409989135716,-46.597114253449355,5.0461435,1.1525769,4963.9565
3087915773104836608,119.58537274339776,2.225204602073261,5.047312,1.0961819,5044.2153
3118883311942751360,98.4080108306403,-1.2202321985449711,5.0481014,-0.16814947,13141.508
5329693847558732288,132.63939147801742,-46.529172820252505,5.0484524,-0.30958843,24661.406
1796736625538995072,328.26575183722247,25.925131465395555,5.0499134,-0.22875977,14584.06
6395671160942188288,327.6962508268213,-69.62939586234272,5.049917,1.5389652,4509.757
4900916679578514048,8.183787187015694,-63.03172330109986,5.055017,0.045404434,9275.435
418030923572427520,9.03480008335226,54.16844144321516,5.055149,-0.11501551,12087.365
3251584263648218624,56.23566675090167,-0.29672942212815423,5.055646,1.6069331,4410.275
6381503197703326976,349.15817815114934,-70.25101062096218,5.0557933,4.3767185,3526.6787
1833224949722816768,301.7226059615339,23.614426180263468,5.057024,-0.24839735,16494.17
4253353396643672448,281.87042625785995,-5.7052938901762165,5.0577374,1.6533451,4559.4272
5195896888895916288,143.47142117950355,-80.94119768209501,5.059154,-0.17368603,12883.476
4527896021146097408,272.220308939523,20.04514039901716,5.059922,0.24869204,8580.567
6372582859867661568,321.06991425768445,-69.73390858039208,5.060186,2.8002586,4126.6895
4195316706052413568,298.5345141141019,-8.574295857816022,5.0605135,1.9440379,4704.8823
1897487315533219840,327.4613208160347,30.174095195932185,5.0605435,-0.00051116943,10032.211
2039283324364949120,288.85375828772095,30.526266253735436,5.0616364,2.1425533,4732.7485
368641514078070016,10.279853450151814,39.458649204009305,5.061861,1.0710211,5148.824
1693272581363394304,183.0499920871888,77.61633033521059,5.0619016,0.44888353,7055.2695
854734436486835840,158.7909340238363,57.08280045492562,5.0622573,0.48623753,6908.111
6421542154150684160,287.4721582757034,-68.42464151069059,5.063954,1.0823369,4945.732
5589416086209311872,109.65904939773304,-36.74270805284856,5.0642285,-0.22638941,15388.194
6715334100633424256,284.0704666190208,-42.71080324536542,5.064681,1.1731997,4852.444
6146899611411058304,188.93908409685528,-41.02194571158373,5.066792,0.31287956,7595.933
1985552905521456768,344.26882118736074,48.684044190234545,5.0668297,-0.16033459,15229.825
5235260294227819904,169.32950259029903,-67.82354741370285,5.066885,2.386522,5138.385
1439121018358632832,263.75066378504704,61.872440036356195,5.069048,0.8121557,5697.1533
5312280194717013120,141.5746699470477,-53.378859642844,5.069758,-0.14647293,12572.868
5584343695472423296,101.1185958829079,-31.070506985647015,5.071308,0.002943039,35151.76
3374052988354372992,93.71152551193154,19.155636998390975,5.0729456,0.59835386,6454.238
3921394442208127232,184.0004067103691,14.89892987587069,5.0733414,0.10379505,8647.918
5303126622967647488,134.84923965459402,-59.08245809600036,5.074011,0.5592437,6589.991
1001083179355501440,101.70641171721239,57.16900482206823,5.074608,1.1415205,4837.7534
3604841441094704000,203.2148241672652,-15.363031791931311,5.0763903,1.3972011,4836.989
917553620294336128,130.25462423179027,45.83441070551413,5.077131,1.1705337,4749.7007
5467390945725264384,157.37041535725663,-29.663792707386605,5.0779486,1.5933361,4352.9478
2525049829240950144,15.76005061630907,-4.8370552538073985,5.0785265,1.304452,4657.0264
6012174802400278016,239.22293760910267,-33.96628337855866,5.079535,0.17999983,8274.973
4722135642226902656,49.56622620807744,-62.5034842270098,5.0796084,0.7856765,5765.0996
313200426953284096,17.7781290673056,31.4246887595633,5.08214,0.40293646,7032.165
2796273303131206016,8.148496110265887,20.294106823618893,5.0839148,1.2187409,4814.4995
3374718330328109440,90.86405481361483,19.69047537707751,5.0840883,-0.11916065,12415.17
2109423915567300992,276.05731593321485,39.50721548047326,5.085514,0.09836626,8685.353
3212019815193261568,76.69026146329378,-4.655169255973252,5.0855536,-0.07096577,10794.1
5049464136465176576,42.66838399614519,-35.67609241376762,5.0858884,1.4107537,4717.2085
5424088157738631552,141.2824251841136,-43.97641926022668,5.0859585,2.7087278,3569.2288
1103352844667317632,103.42609455061577,68.88834524989218,5.0864677,-0.12615442,12282.689
3087720953388139648,117.92489209056706,1.7668504915707803,5.0866446,-0.12747908,12311.421
6272566433184713856,216.20233248574803,-24.806390179896475,5.0872684,1.0956383,5042.1
448233374109147264,52.50040205319733,55.45175365797865,5.087484,0.051822186,9080.343
829776725129940480,160.88531071466585,46.20357666384268,5.087954,0.46957493,6917.4233
135525184764395776,44.32201654738285,31.934086690092425,5.0881357,-0.034705162,11012.293
5614465022683280384,117.25683424870078,-24.912143242437526,5.08861,0.9507928,5818.957
5512568607203077120,121.26547485433476,-53.10793305573958,5.0891333,1.4744825,4712.151
5328070556069468416,130.91778483683606,-49.822782443457584,5.0899634,-0.27145243,27175.402
6730089817255923072,280.9455952135386,-38.32368178284784,5.090086,0.12845373,8541.016
4402884744523453312,237.81456369248326,-3.090622266523936,5.090608,0.20534277,7959.1904
4177374600431607552,269.19890321887783,-4.081857729818268,5.0907507,1.3330679,4785.1406
4659664312138902656,87.47278969391049,-66.90110883988154,5.092032,-0.16050386,13775.889
3604079616975432960,200.7544111395892,-17.735404825737145,5.0929937,1.1513128,4853.217
2500064286492779264,38.039156607736466,-1.0350312130393102,5.093464,1.1565857,4776.6523
6628926642897745664,338.6745333817373,-20.708869546615368,5.0947433,0.58876705,6461.2324
5640133460921510784,127.61914329113169,-32.159274471833676,5.0951786,1.6345911,4384.1104
4741336551221258112,40.16531152118065,-54.54988608999058,5.095549,0.5766225,6476.229
1102797861873269504,102.73787941728247,67.57195536591385,5.0964594,-0.21646261,15045.324
4808960875719316608,83.2144962349797,-38.51341833164325,5.0971932,1.34625,4523.6943
557440304952026240,66.76255604126176,80.82407236611506,5.098255,1.2744746,4554.2163
865209037088705024,111.93455265828278,21.444740945380808,5.0987425,0.5943723,6470.4863
4420906461653341568,232.158943460297,1.8419274765521172,5.10021,0.32022238,7550.189
6728828406847450752,281.23819118927435,-39.68621619099366,5.1004233,1.1881242,5728.0625
6411155754993198976,331.463064529246,-59.636309971288036,5.102677,1.6391869,4380.124
5989870075180588160,243.81359658185508,-47.37222336439839,5.102956,-0.139956,11917.737
2026113339752723456,292.6891453335255,27.965267911681117,5.103025,-0.09021187,11185.8955
6516521095290516224,341.4197358205633,-46.54738588054356,5.1036863,1.456523,4671.34
5489977079223442944,106.07639441669167,-56.749702296884536,5.104016,-0.043144226,11126.635
6606527868757354112,345.3310647246127,-28.854056883463468,5.104867,1.5098948,4619.39
4093519345407991296,277.85955143972217,-18.402795747260637,5.1051507,0.02569294,9299.868
952326504452337792,101.68472063329233,43.57815575950833,5.1055455,0.73639154,5975.6455
2901155648586891648,86.4995797980886,-32.306532522642556,5.1061826,-0.41800737,29239.41
5330109153698032640,134.71758473336595,-47.23444458894849,5.106528,0.32966518,7605.38
5245345500221851264,153.37725184792197,-66.37275973936202,5.1071687,0.30544758,7621.534
5043493547808390272,22.400835365386072,-21.629317729827,5.107683,0.052470207,9015.413
6671409195215967616,297.55864369278214,-47.55743756651159,5.1082873,2.1246657,4712.9893
2229499729308170368,336.5036852354759,70.77092500766923,5.109865,1.3594184,4604.1035
4025850731201819392,175.26250050618376,34.19993957543697,5.1109953,0.9060354,5394.317
2235104382453048320,298.3224589536018,57.523517635885014,5.111099,-0.17579079,13740.39
3551002857809958400,163.37343397843432,-20.139789745498117,5.111522,0.6542125,6225.6533
4967177781457918976,37.00719699757215,-33.81101542618449,5.111584,0.1088047,8700.013
4305679773377634944,287.24958673771425,6.0728618527550795,5.1118045,0.49158907,6817.9146
3405724386430743680,74.34304268823341,17.15366638688511,5.1121507,1.4047098,4701.554
311018205609523584,14.45901316301507,28.992187877644007,5.1122103,1.2215786,4899.187
2198430859305721344,332.95511827449997,56.83993042936889,5.1129427,0.685678,6146.935
5278762854038923008,96.36913851401884,-69.68940761792547,5.1132708,1.1417613,4937.9375
16370186245017600,52.60189379567805,11.336366312512377,5.1155972,-0.035312653,9822.604
164262059326729088,61.7514381847838,29.00134411387584,5.1164393,0.48911095,6855.559
3063621307772865920,122.88732123397443,-7.77265125771972,5.119308,1.0621252,5215.359
4008444190824309376,186.07715763662284,26.098547566268486,5.119886,0.13872051,8384.362
2298389355466272256,307.0617422216197,81.42277955572614,5.120014,1.1379662,4972.2695
818464227945910016,142.16657382977394,45.60090611585789,5.1204247,1.1665015,5025.682
2309813109479463040,2.9343520768768716,-35.132557218922194,5.12059,0.6093993,6386.1406
4710627809932009344,16.828466602796897,-61.77533875169585,5.1259003,1.0562415,5132.8335
2349940954566607488,11.184668731777494,-22.005769628203897,5.1266494,0.492599,6898.924
676768820148924416,121.94117872458763,21.581511839420184,5.1279187,0.8111644,5897.8315
1556189972738829184,199.5602148601814,49.68213630008292,5.128485,-0.06357336,10583.03
5208326524249246976,111.40805891665264,-79.09416803491953,5.1289735,1.4259539,4749.539
4984231417260290048,21.17004353728751,-41.492703561206255,5.1293077,1.2033024,4932.443
1738927465244452736,320.72363034375405,6.811187579339641,5.129973,0.10964489,9307.079
653239928447149056,121.26854590934383,13.117936547772764,5.13089,0.017830372,9417.127
2858826134543154304,7.530907981516181,29.751305905392798,5.130911,0.40209866,7199.517
2042936967135806848,286.8571936144978,32.501841609844206,5.130968,0.5184827,6737.0645
6581920184349861120,318.26385379480524,-39.42542359574432,5.1315618,0.61183786,6344.832
4564651045592442368,253.73014486036172,20.958501646077245,5.1342406,1.1337085,5050.8154
5539347281622649728,118.26455319173762,-36.36375796293885,5.1344233,1.2472334,4616.1045
217180007783721472,57.3860792482633,33.09139852205425,5.1347938,0.09746599,8675.688
1687031134888475008,204.29527500408673,71.24221782928295,5.136686,1.3725772,4849.826
6055103928246312960,190.70931703328822,-63.05864217078729,5.1368504,0.5243182,35305.316
6081364732673284864,194.26791767469845,-51.198822587115494,5.1372023,-0.089500904,11663.842
3798620396870508032,171.0096258046934,1.4077621343557676,5.1379,1.0946355,5078.6143
6522301330997312128,356.8167179320015,-50.22656205245441,5.138291,-0.2464118,15541.606
5542859770291048704,125.33764465327565,-36.484145082370105,5.1399207,-0.27838564,17543.87
2059103120983068160,301.58946185267433,35.97051293011698,5.140914,1.0455055,5036.4316
3205095125321700480,69.40074849308137,-2.473833383625505,5.1411705,0.39529133,7250.282
6723805631578978816,278.08906531444217,-39.70416790161313,5.1422296,0.11870098,8520.493
4925493135282368128,12.67205405094719,-50.98662110616501,5.1427345,0.49298716,6839.0234
5522979294390810752,127.36446785863285,-44.72477964173079,5.1432414,-0.24633598,20400.906
2348351713587309568,7.594268032172014,-23.787621485801964,5.143498,0.18539238,8198.941
4003367161522877568,182.96304088307298,25.870143513001626,5.1441455,1.633636,4525.4727
3380338312213644416,102.99975006953139,23.601682615516822,5.1445856,1.6490936,4362.833
5322244690627583104,126.38041695842415,-51.72733592952365,5.144706,-0.23893976,16388.008
1610185648748288000,218.12893639413141,55.39794962576922,5.1449223,1.75775,4514.4233
1517740807028773504,188.4122776603653,33.247440636304404,5.145117,1.1663885,4811.7964
1677302170674242560,193.86891324197308,65.43834030829632,5.145214,0.42869854,7094.3647
6060547335455660032,193.6534512999999,-57.168711407421895,5.1472073,-0.11815262,13747.829
3203176408811870592,65.91999980198263,-3.7457158774581747,5.1482315,0.11404133,8542.201
5334154806761557504,174.5296571517809,-61.826468245590355,5.1487885,-0.02607727,11027.404
1419240920415509376,260.43917257697956,53.420440892324905,5.1491556,1.6608725,4458.25
5426380089726568832,143.08037819801507,-40.64936615984777,5.1499434,1.0615506,5229.301
4981546822181457024,15.704940822421262,-46.39725667406444,5.1503215,1.0668154,5057.064
5520757731149443712,122.39956751171958,-44.122753377771616,5.1504083,-0.24160814,15875.345
3440971843000549248,84.93423126146664,25.896994192480566,5.151171,-0.19648266,14270.634
1537396673318780544,180.5263560226811,43.045950986295686,5.1512284,0.38089895,7304.271
4987749854469123328,16.949582389893344,-41.486837020506904,5.151671,0.23977327,9916.858
5434468784453279616,149.71732201067496,-35.89104376556409,5.1516953,0.424891,7119.475
6408551802222368384,336.2359507884891,-57.79902222498268,5.1528487,0.8536248,5614.264
3028075299446506880,111.16742414254405,-16.201564997545837,5.153087,0.017861366,12516.205
2135864391374790784,292.8303259224117,50.30690913344243,5.153431,1.419414,4805.524
4291462091610511744,294.7985302043944,5.397752187865087,5.153899,0.01949215,16194.543
2907306935108521088,84.43571539288124,-28.689501838606315,5.155013,0.63737917,6276.177
2318818590747143424,8.420855814042444,-29.558405720594735,5.155814,1.4157872,4763.5513
2577061092921353984,18.433498115965318,7.575124155405294,5.156254,0.37325716,7349.0825
3040767752434465536,117.54406864793292,-9.183442468209659,5.156718,1.5471773,4506.8115
5108493960822714752,54.072684976310974,-17.467108360965675,5.157641,-0.14518213,12653.704
